site,season,stream_type,temp_c,DO_mgL,turbidity_NTU
Crooked Creek,Summer,Intermittent,23.232213308039498,5.471276014500296,4.079563307647116
Neuse River,Summer,Perennial,19.396793348516,6.050842569136155,3.2670398719178793
Crooked Creek,Fall,Intermittent,8.708286480300117,9.512941250791496,4.172265538070121
Crooked Creek,Summer,Intermittent,19.67934994946139,5.958373965713076,4.649826512889129
Neuse River,Winter,Perennial,6.245010996679038,12.973460891602558,3.431413530726519
Neuse River,Spring,Perennial,11.880841707566702,8.18150697762731,2.8371523094984687
Crooked Creek,Winter,Intermittent,6.047502963995494,11.31563597668124,5.947204592306274
Jumping Run,Spring,Intermittent,14.113117899178336,8.19209038063265,13.395669083781216
Crooked Creek,Spring,Intermittent,13.49416139178601,8.12743440666809,7.3002735950132145
Crooked Creek,Winter,Intermittent,6.942073662836042,10.64179079950922,7.352795155526831
Crooked Creek,Winter,Intermittent,4.257506237770142,10.773250572701775,4.84337018924334
Crooked Creek,Winter,Intermittent,7.152349198942202,12.189599781284748,6.335004238044533
Neuse River,Winter,Perennial,6.150531891858376,10.124991332541924,2.9461733243197537
Crooked Creek,Fall,Intermittent,10.613479768723149,6.823318610727817,5.413448998154262
Tar River,Summer,Perennial,21.40378946129407,8.172842295373306,13.344220349312167
Neuse River,Spring,Perennial,15.11128047926707,10.084477230541564,6.086355244277913
Jumping Run,Winter,Intermittent,1.9848639572744524,12.067456172234753,12.06718139779224
Tar River,Winter,Perennial,5.421244105734617,9.584797480482486,11.893101703565634
Jumping Run,Winter,Intermittent,1.8417445540510071,10.97852503762534,10.074364387569688
Tar River,Fall,Perennial,10.48231591689561,10.188801007652206,10.938037354128841
Neuse River,Winter,Perennial,6.34793265833914,11.907871947242427,3.9868141655449665
Neuse River,Winter,Perennial,6.9028223972949965,11.81585162048909,4.850133890378239
Jumping Run,Winter,Intermittent,6.571960332376568,12.783112835375057,12.862955897014784
Tar River,Summer,Perennial,21.828473661534332,5.090307049851547,11.957935474756466
Neuse River,Fall,Perennial,13.43172129637801,10.708995663188833,5.481239508551083
Neuse River,Winter,Perennial,7.5284087760038165,11.012951537954095,2.6864518874991363
Neuse River,Spring,Perennial,13.60407406259737,8.47682809432411,1.4056298604862816
Crooked Creek,Spring,Intermittent,16.483427919304688,10.06704400175138,3.0825910644438754
Crooked Creek,Spring,Intermittent,11.199568897972929,8.22966246423314,5.126128626547599
Crooked Creek,Fall,Intermittent,13.521812867663346,8.928325963442562,4.464272220766419
Tar River,Fall,Perennial,15.57681268035698,9.46451660524285,10.160387037907592
Crooked Creek,Spring,Intermittent,17.010050229321642,7.491594045106248,4.1372392249417
Jumping Run,Winter,Intermittent,6.367023646175471,11.353157623222666,11.797875338328268
Jumping Run,Fall,Intermittent,14.392702253304975,9.51612472857769,11.713240462173761
Crooked Creek,Spring,Intermittent,12.85249239938367,7.319255725429446,7.113547374388677
Jumping Run,Spring,Intermittent,14.486913021399776,8.820245739486255,8.439084266558602
Crooked Creek,Winter,Intermittent,4.9984272351648125,12.907018901910556,6.82879972852116
Crooked Creek,Summer,Intermittent,22.591100901958306,6.707924366969674,9.312675788799272
Neuse River,Fall,Perennial,16.996099084574055,7.420479242687406,2.1842482613959473
Crooked Creek,Winter,Intermittent,2.773178688898416,10.252892111059737,6.082378947978386
Neuse River,Spring,Perennial,14.484030288135592,6.469521256812747,1.198972260446336
Crooked Creek,Spring,Intermittent,12.470417226089099,8.916171265604621,7.635544367540469
Crooked Creek,Winter,Intermittent,9.41164971867537,10.967669749074886,7.242230235585158
Neuse River,Fall,Perennial,15.01978992209932,8.50314096732738,4.581767322295699
Neuse River,Summer,Perennial,23.317410251419506,5.090842382914876,6.463144256661165
Crooked Creek,Summer,Intermittent,21.922375434559946,6.087035228146672,4.5789879300868135
Jumping Run,Spring,Intermittent,12.441147608244933,5.803485399167991,11.082733814627918
Neuse River,Fall,Perennial,18.011378419283943,7.981380551895513,8.464295392232458
Tar River,Summer,Perennial,24.828502525224827,5.526411219022892,11.040897057228317
Tar River,Fall,Perennial,12.729799384170125,10.706163973397711,11.77552359517694
Jumping Run,Fall,Intermittent,15.363948097243629,9.358171845361348,10.832041219108074
Neuse River,Spring,Perennial,14.652846730141428,7.593055766127919,1.8216939347936538
Jumping Run,Summer,Intermittent,23.6273771519133,4.498835551656914,10.596748734807237
Neuse River,Winter,Perennial,5.1202714247691645,11.64335393105407,6.347056877400293
Tar River,Spring,Perennial,16.409941294601495,8.672425018895092,10.055192531568826
Crooked Creek,Summer,Intermittent,21.633061692807072,5.670726292944182,5.294577829905834
Crooked Creek,Summer,Intermittent,21.195097782746323,5.570861964932409,5.289860710949256
Neuse River,Summer,Perennial,23.903766036057107,4.945363111133908,2.9057888465442545
Crooked Creek,Summer,Intermittent,18.833186557920975,7.415482802510849,4.805245562013619
Crooked Creek,Summer,Intermittent,23.321550463444282,6.475318860212306,7.978257931636156
Jumping Run,Fall,Intermittent,12.579966603249812,8.052460212714088,8.666375036192557
Neuse River,Spring,Perennial,8.4307287104358,8.161353225878903,5.1632088587333715
Jumping Run,Fall,Intermittent,13.943376210395682,7.470235696827192,12.558239217667893
Tar River,Winter,Perennial,4.6035679433692955,10.093096505858245,9.919051647045224
Tar River,Summer,Perennial,22.156817845012153,4.515298428482928,10.944446129421323
Jumping Run,Spring,Intermittent,14.85889649076734,9.107323896243615,11.263934985831867
Jumping Run,Summer,Intermittent,19.320743003612417,6.148890227652224,9.40961258908082
Jumping Run,Spring,Intermittent,11.7641096872661,6.637296396460021,8.133119480158964
Jumping Run,Fall,Intermittent,11.86567366412921,10.128888743046907,14.384726023141312
Neuse River,Spring,Perennial,12.852829683319811,9.086105526769655,3.408126522645108
Crooked Creek,Winter,Intermittent,2.6985285611028775,11.700942261446077,6.3522211301933496
Jumping Run,Winter,Intermittent,9.636039215922231,9.465321518017245,15.194049062502916
Jumping Run,Spring,Intermittent,17.183434646376313,7.982076426438146,10.552043312302223
Jumping Run,Spring,Intermittent,12.568380262262766,8.109732639187794,10.724095766886533
Jumping Run,Spring,Intermittent,15.027590827161223,7.705633338981694,13.122445537244994
Jumping Run,Spring,Intermittent,14.250092062332893,7.743182972074268,12.536429872669085
Jumping Run,Winter,Intermittent,2.7549527396044957,11.340988352277133,11.03835700461415
Crooked Creek,Summer,Intermittent,19.178298939188434,4.291496720431493,7.515517504412367
Crooked Creek,Spring,Intermittent,15.925581380701388,8.172558429634359,8.574986664682086
Jumping Run,Spring,Intermittent,14.881936363722538,9.249805319411216,11.63048688077678
Crooked Creek,Winter,Intermittent,5.448380868796017,9.942468748566657,5.094845617645856
Neuse River,Winter,Perennial,5.485755457505563,12.363153102106706,5.154879337794496
Tar River,Fall,Perennial,13.660638136485233,9.870009907564075,11.791075573538723
Neuse River,Spring,Perennial,14.523875222213652,6.501340598493045,5.708736359292515
Neuse River,Fall,Perennial,12.082976304947048,10.088540277622544,5.777815437266334
Tar River,Winter,Perennial,4.659921612889306,11.949716080595937,10.458518781116153
Crooked Creek,Winter,Intermittent,5.289935344706551,11.257473234582658,6.42670888375431
Neuse River,Summer,Perennial,22.077103030701785,4.665711984444044,3.8178300407734906
Tar River,Spring,Perennial,18.556957456376814,5.215995771197978,12.304610660342618
Neuse River,Fall,Perennial,15.114249866712617,7.641652280713848,3.2958416298856807
Neuse River,Winter,Perennial,3.9985656841133106,12.853965377311878,5.654537900166674
Neuse River,Winter,Perennial,8.302850748929465,11.120647225994794,5.968137924624465
Neuse River,Fall,Perennial,12.983526865875843,10.359157627210557,3.7769553638316693
Crooked Creek,Summer,Intermittent,20.641516166573123,7.810950266331943,5.968726859002295
Neuse River,Winter,Perennial,4.2024001835150715,10.090366102510028,2.640131990471439
Neuse River,Spring,Perennial,15.688884702058738,7.901137122954784,7.4469384639956235
Neuse River,Winter,Perennial,8.37235636464824,11.25713813009397,6.105846311797425
Crooked Creek,Spring,Intermittent,13.008985327061033,6.145214195840694,4.51562541363789
Neuse River,Fall,Perennial,13.294415658739206,8.77745852782886,5.236623082386191
Neuse River,Spring,Perennial,13.750772437313062,8.748034725961725,6.251457445846435
Crooked Creek,Fall,Intermittent,12.744608298778457,9.55514528871112,3.3678197391371487
Crooked Creek,Spring,Intermittent,13.752212042518881,6.768041874253979,6.21784016569402
Crooked Creek,Fall,Intermittent,13.471999513354662,9.232676357913794,5.27981611530556
Neuse River,Spring,Perennial,18.596937723469665,6.731978488356932,2.006281259257726
Crooked Creek,Summer,Intermittent,25.30995675147317,5.295720869410107,4.5829639686953545
Crooked Creek,Spring,Intermittent,18.605823795446227,8.985722716823563,5.108303177792667
Neuse River,Spring,Perennial,14.435015811387123,9.945871284827684,5.037431021426301
Crooked Creek,Summer,Intermittent,24.572296910212884,6.804803178733805,7.395380018930312
Neuse River,Winter,Perennial,6.079483391820855,11.011348478976219,4.40057557802268
Jumping Run,Winter,Intermittent,7.468905614900601,10.716684684167387,11.183080901754508
Crooked Creek,Spring,Intermittent,13.379308768088029,8.11568482199453,4.123505503527229
Tar River,Summer,Perennial,27.21195493391904,5.267059881221124,10.457808912860854
Neuse River,Spring,Perennial,12.361471212890395,8.61570874916454,3.705996053136503
Crooked Creek,Fall,Intermittent,11.072384979805564,9.656883366224342,7.187473721884187
Neuse River,Fall,Perennial,12.866247351045466,8.336374048617923,7.286599008339576
Jumping Run,Spring,Intermittent,14.680135261050463,6.725931015046676,13.121060691504152
Neuse River,Winter,Perennial,4.288450501174857,13.741878340269917,4.11948678629138
Crooked Creek,Winter,Intermittent,8.026632072110708,8.919982439153099,4.073788673865055
Crooked Creek,Spring,Intermittent,16.66771923952143,8.317815065629137,9.063594634071109
Tar River,Spring,Perennial,14.970350210459179,8.14529623974104,13.570360986233307
Neuse River,Fall,Perennial,15.02027399845089,8.80373880072371,2.358843849252329
Crooked Creek,Winter,Intermittent,1.256768670469012,10.562334330197295,4.220497357167941
Jumping Run,Spring,Intermittent,19.195409286468767,7.349629055929973,9.983436491562433
Crooked Creek,Fall,Intermittent,9.95751025082271,8.733682671477297,5.003197605536681
Crooked Creek,Winter,Intermittent,9.475458857488919,11.168476159414984,5.986703966015433
Neuse River,Summer,Perennial,21.730654491834805,6.786174920189202,3.321507751548249
Crooked Creek,Fall,Intermittent,14.334412187063677,10.613969820727444,6.690112515449471
Neuse River,Winter,Perennial,5.50053743434973,10.046540829028098,3.5873140204793885
Crooked Creek,Winter,Intermittent,7.1261577479451415,9.467472658082679,7.247314136563924
Jumping Run,Fall,Intermittent,13.41522537645613,8.850810840241282,10.010879882823497
Crooked Creek,Summer,Intermittent,21.047244598061265,6.597306041465307,5.807682710857334
Neuse River,Fall,Perennial,11.99772006544286,9.468563493371523,4.7622846662381955
Neuse River,Winter,Perennial,3.5016498773519045,11.571480696576984,7.752547319290664
Jumping Run,Spring,Intermittent,14.939241578751009,6.300992795156333,11.266063087759319
Crooked Creek,Spring,Intermittent,10.33836925161263,11.16737167206416,9.353512030476711
Crooked Creek,Fall,Intermittent,11.668123034409208,6.754332801006164,4.682443219360824
Tar River,Winter,Perennial,5.638018522120553,9.238136257960262,10.896466227505659
Crooked Creek,Spring,Intermittent,13.624842671459497,8.12515469706289,6.34446776540697
Crooked Creek,Winter,Intermittent,4.068764800245697,10.146585960250345,6.068388246705075
Neuse River,Fall,Perennial,11.738015740252106,9.907494768417255,4.05384182465155
Crooked Creek,Spring,Intermittent,17.730006467994947,8.820482438271226,7.655570804085897
Crooked Creek,Winter,Intermittent,6.265132135929572,11.157361501290296,8.596980869863765
Jumping Run,Spring,Intermittent,13.243414232925941,8.54677935416524,10.600643701757813
Jumping Run,Fall,Intermittent,12.462727883225394,7.83110373425828,9.886228473714588
Neuse River,Winter,Perennial,4.1434610971670995,11.59436880892317,5.5603088923354935
Crooked Creek,Spring,Intermittent,13.810493252843195,8.229627930163653,5.771292967342355
Crooked Creek,Fall,Intermittent,11.37844816021403,9.86226302479688,6.978802040639219
Crooked Creek,Spring,Intermittent,10.214908029392072,7.716890998764747,4.676958988188858
Neuse River,Spring,Perennial,13.21812286066955,7.3295684329537405,3.9303694438879004
Neuse River,Summer,Perennial,21.34017052973305,5.648859306179161,5.66108264250807
Tar River,Summer,Perennial,23.1143573213385,5.296105349699566,10.166679900779869
Neuse River,Fall,Perennial,13.983586110799225,9.490419571702766,3.0943296414068966
Crooked Creek,Summer,Intermittent,21.532018666195672,7.846806040086968,5.120177867217985
Crooked Creek,Fall,Intermittent,16.82160917691757,10.103666942525805,8.588124412583198
Neuse River,Summer,Perennial,20.741856055861142,5.831444125937239,3.326254286836656
Crooked Creek,Spring,Intermittent,16.253506383852404,7.43231622732791,7.09682324001431
Crooked Creek,Fall,Intermittent,14.356598822384083,8.951970469285824,7.947989601246503
Neuse River,Fall,Perennial,13.215359739453211,9.834085718608303,3.257944946623326
Neuse River,Spring,Perennial,12.55312637178635,8.731145529257608,4.646260366500623
Crooked Creek,Fall,Intermittent,13.48661532825673,8.656311652062216,8.323814214789456
Crooked Creek,Fall,Intermittent,10.766828391492306,7.828656990269028,7.413249757745744
Crooked Creek,Summer,Intermittent,23.72019276828614,6.353762778991868,5.568071667145791
Tar River,Fall,Perennial,14.004844258380825,10.720830297119534,14.773319311811338
Tar River,Winter,Perennial,2.687172589049687,10.581079880751453,10.277340105522741
Tar River,Spring,Perennial,17.253038943399364,5.518705013434799,11.770752789598319
Neuse River,Summer,Perennial,21.486379383161932,7.63811274954764,6.251558260006691
Tar River,Summer,Perennial,22.731013469653384,4.420276929288203,10.1391657764973
Neuse River,Winter,Perennial,5.071217846772523,9.673545205546535,5.731876422789055
Neuse River,Spring,Perennial,11.093147005451188,9.965327508453711,6.944233951068187
Jumping Run,Spring,Intermittent,13.229879476280988,8.328495370129817,10.891574782894363
Tar River,Summer,Perennial,23.803649600723382,7.274677338564759,11.3869954881801
Tar River,Fall,Perennial,13.938233419562126,8.379395736060484,11.655070950335508
Crooked Creek,Summer,Intermittent,22.325524157847962,5.088205511248643,5.978944335985333
Tar River,Spring,Perennial,13.233634964027853,7.3905044181819415,9.280263188600648
Crooked Creek,Winter,Intermittent,6.125005466498952,10.219525993674656,5.293337741545951
Neuse River,Summer,Perennial,24.15024855043458,6.632116101268378,2.5318500282081198
Crooked Creek,Spring,Intermittent,14.703782135812872,8.132780698264154,8.55254431280019
Jumping Run,Summer,Intermittent,24.76629000174455,4.466251274290164,12.291691503437901
Neuse River,Fall,Perennial,15.530394503247397,9.559359208728331,3.4968817844587137
Neuse River,Summer,Perennial,26.826787830234274,6.651409280927022,6.964816410592341
Neuse River,Summer,Perennial,24.702956858947015,6.464134660223304,3.130448632789559
Crooked Creek,Spring,Intermittent,13.951790243694997,7.778087547206447,4.178221566526095
Jumping Run,Spring,Intermittent,15.300563149919405,9.56735300195941,10.55254475817283
Neuse River,Spring,Perennial,18.327312998449475,6.442417214138266,5.581545322580805
Neuse River,Summer,Perennial,25.34304047081082,5.795969419018939,3.720915242285679
Neuse River,Fall,Perennial,15.085530351688803,9.505991109959535,1.0038829848107396
Crooked Creek,Winter,Intermittent,4.313253690921238,10.98645045195254,3.9454527304723994
Crooked Creek,Winter,Intermittent,5.051651367140193,9.655314574756066,5.444744054169915
Tar River,Spring,Perennial,13.326754545357678,8.351754676593714,10.862361014000749
Crooked Creek,Spring,Intermittent,15.005579442081512,8.38354400747392,7.5470099913964654
Neuse River,Summer,Perennial,23.747566081920233,6.768123835134716,8.657301142700081
Tar River,Winter,Perennial,6.694805273284658,13.593571503858861,11.6183276033659
Neuse River,Spring,Perennial,13.834298170388216,7.626834817786803,6.264588697672644
Neuse River,Fall,Perennial,16.281006785775876,9.599783855964729,5.700320161754059
Crooked Creek,Fall,Intermittent,10.445559068153834,7.451220177487788,7.86949032869618
Tar River,Spring,Perennial,13.746377004193956,8.749302417397503,9.924068075065883
Crooked Creek,Spring,Intermittent,17.31397693940955,6.459581328110964,3.921622370275967
Crooked Creek,Winter,Intermittent,8.88862316742469,8.3901582070171,6.567853302142375
Jumping Run,Winter,Intermittent,5.785348008806847,10.26404808079997,10.700090227114448
Neuse River,Summer,Perennial,20.30495301382038,7.542255946048499,6.706745632542415
Neuse River,Winter,Perennial,4.628524826423311,11.27552487746853,2.012385293595929
Tar River,Fall,Perennial,15.146104318006254,10.047009174643314,10.557106650938465
Neuse River,Fall,Perennial,13.03377011683979,8.906234550477329,1.5723132494795866
Tar River,Spring,Perennial,17.092008295200255,7.233046761117569,9.859776091613119
Tar River,Winter,Perennial,5.699160291076334,11.995548585362279,10.113045177361954
Crooked Creek,Summer,Intermittent,18.09562955719311,5.113001939270466,6.636210628618485
Jumping Run,Fall,Intermittent,17.379500575618373,7.740080033626844,9.055247348778757
Crooked Creek,Fall,Intermittent,9.974808998322368,7.3632750087006595,7.808537190122145
Neuse River,Summer,Perennial,24.98937715072876,6.177755893580402,3.298430841788715
Neuse River,Summer,Perennial,25.582287573725253,6.173908041656505,5.634155064040652
Neuse River,Fall,Perennial,11.967102116556369,9.044243854223774,2.1439875318294304
Neuse River,Fall,Perennial,14.25849794378717,9.190937750773315,2.6581551513793236
Crooked Creek,Summer,Intermittent,20.23778570094708,7.615958503338744,8.957503125692725
Neuse River,Fall,Perennial,12.573729326665358,9.067753572762163,4.600171711972326
Jumping Run,Spring,Intermittent,14.296063516319375,6.325702279461369,11.64180601578558
Jumping Run,Spring,Intermittent,9.824221930798782,7.267315808742381,11.758140719937227
Jumping Run,Summer,Intermittent,23.199988415849674,5.18992691579051,10.312344589719624
Crooked Creek,Winter,Intermittent,4.812326982003093,10.89715583686393,5.9598084800465045
Neuse River,Summer,Perennial,23.33693625905822,5.483103137110216,4.560094287870333
Neuse River,Summer,Perennial,23.01403152897438,6.198289377371865,3.6105912663257884
Neuse River,Winter,Perennial,6.361290928550881,11.751740273393576,5.258777301574469
Crooked Creek,Winter,Intermittent,9.630745369653813,10.009973763693738,5.339988913506896
Jumping Run,Winter,Intermittent,2.773062679463196,11.931009464327856,10.49823874046488
Jumping Run,Spring,Intermittent,14.412381964058653,7.395661430553361,10.509944007533262
Neuse River,Fall,Perennial,15.446380210853317,9.694233410485984,3.8327169135115815
Tar River,Spring,Perennial,15.535627838952793,8.789900080037874,10.412861724969897
Tar River,Fall,Perennial,10.061840878727583,8.100838372997961,8.989207094926225
Crooked Creek,Spring,Intermittent,16.328869291985814,9.338115216447681,8.379560820238524
Crooked Creek,Fall,Intermittent,8.960888902045664,10.071400910373722,9.318286964077029
Crooked Creek,Spring,Intermittent,16.22397542762129,5.848770382129331,8.652447462595157
Crooked Creek,Winter,Intermittent,6.083378074263883,10.767600893499528,6.676642944874468
Neuse River,Summer,Perennial,19.901986154859028,6.002782370921579,6.43064446765611
Crooked Creek,Spring,Intermittent,15.244793741046577,8.058401472102668,6.134412239891413
Tar River,Fall,Perennial,10.637212033402397,8.850012108600275,8.548556996555348
Neuse River,Winter,Perennial,8.044881904787621,8.814289517524657,5.282350569431065
Tar River,Spring,Perennial,15.958821801668122,9.318764615727194,11.130288744742705
Tar River,Spring,Perennial,15.833256932315058,7.840253359634784,9.2199543234681
Jumping Run,Winter,Intermittent,9.06146478507599,10.903114170384926,8.885733023790209
Crooked Creek,Spring,Intermittent,13.066370108420436,7.572675317431829,6.692545377186318
Crooked Creek,Summer,Intermittent,26.69409496674546,6.522418613282565,6.310265777994788
Neuse River,Spring,Perennial,18.91155239912511,8.978893539912725,4.381373806202393
Neuse River,Summer,Perennial,21.04117628236381,6.316200076204561,3.900414393860295
Crooked Creek,Summer,Intermittent,22.18286825511799,7.314402424769472,5.1895167252937675
Jumping Run,Winter,Intermittent,7.027081416327027,11.948939989837594,10.006831224763385
Neuse River,Spring,Perennial,12.354757169021799,7.849658077419097,3.3075556146153087
Crooked Creek,Winter,Intermittent,8.304665217483008,9.998231721435346,6.102707052793005
Crooked Creek,Spring,Intermittent,19.09209666680895,8.413056533786182,6.868935216457328
Crooked Creek,Spring,Intermittent,16.32136499139425,7.537050934574641,4.377870556881894
Tar River,Fall,Perennial,13.35302255232549,9.265403828348537,8.572683807930257
Crooked Creek,Spring,Intermittent,14.750143829365555,9.069850498701038,4.630577890463986
Crooked Creek,Winter,Intermittent,6.871111696749627,11.892263660370133,6.880017312795121
Crooked Creek,Summer,Intermittent,23.362012477483113,5.755199758193699,4.308743493389106
Crooked Creek,Spring,Intermittent,13.105707075232173,7.413942898129375,5.879611430688681
Neuse River,Fall,Perennial,15.18654181091986,7.688159871835831,4.216375034226086
Neuse River,Winter,Perennial,3.8731967089642945,10.259953082177228,4.838111128917762
Crooked Creek,Spring,Intermittent,11.620109893268602,8.734244289702978,3.9717533300629126
Jumping Run,Winter,Intermittent,7.33396080687632,9.450468730421488,10.073280981115076
Neuse River,Fall,Perennial,16.79298876625912,10.708546369766886,3.381213021224282
Crooked Creek,Fall,Intermittent,13.779921172059803,10.204068018884884,7.021944261630707
Neuse River,Winter,Perennial,5.4530715070903515,10.251364685963667,5.302154714436894
Neuse River,Spring,Perennial,16.261406617229003,9.715701834394388,1.4691258648203935
Jumping Run,Summer,Intermittent,19.493750423597895,7.1619236021470805,8.672704179874735
Crooked Creek,Fall,Intermittent,15.477099909823865,8.785067494014609,5.218629270994973
Crooked Creek,Spring,Intermittent,14.410857192542938,6.6546315477645015,7.236022245897527
Tar River,Spring,Perennial,17.379273995389394,8.870576215814241,10.630236961168789
Jumping Run,Summer,Intermittent,18.923928584469117,4.500412543797067,9.005535046641038
Crooked Creek,Fall,Intermittent,12.975443445775365,9.113400063272605,7.302665266111493
Crooked Creek,Fall,Intermittent,9.40794202703385,10.3112102303924,7.0416094784180565
Jumping Run,Spring,Intermittent,13.34632741387573,6.8102384582679,12.873710962536679
Neuse River,Spring,Perennial,13.399812077525231,7.979981100655571,4.575417956181898
Neuse River,Summer,Perennial,20.173602188436778,5.717819420974751,5.29797535303057
Tar River,Summer,Perennial,23.52819215699255,6.773107206695237,9.267230373289353
Neuse River,Fall,Perennial,12.526839298541718,8.603606164952195,4.6377682634120525
Tar River,Winter,Perennial,6.671315979297796,11.155427330742937,14.698600933129894
Neuse River,Fall,Perennial,12.418387839711924,8.592176913931455,2.264875494495916
Neuse River,Spring,Perennial,10.924305348142259,6.779682622784224,2.9219771118350804
Crooked Creek,Fall,Intermittent,15.620146188875704,9.039163904361859,6.2899960004291
Crooked Creek,Winter,Intermittent,5.807453383595806,11.365300993021789,8.103108220826766
Neuse River,Summer,Perennial,18.01213832746393,7.21833731558538,0.22744232119748986
Neuse River,Winter,Perennial,6.056405423043855,13.191907354744416,5.020986909297315
Crooked Creek,Winter,Intermittent,6.746117870641273,13.001945966802973,4.945405652998284
Crooked Creek,Winter,Intermittent,6.867934844930095,11.578117097473893,5.216396798659462
Crooked Creek,Summer,Intermittent,21.131779641008038,5.45622056677666,6.1309724610128455
Jumping Run,Winter,Intermittent,7.093383211542626,11.123230272914663,12.064192726144784
Neuse River,Winter,Perennial,2.061705428052905,10.781748836257163,2.4648710344740308
Crooked Creek,Winter,Intermittent,6.603445025365796,11.286917428672323,5.826566827563817
Neuse River,Spring,Perennial,15.020558021064142,8.997812718264028,3.9092192165405373
Tar River,Winter,Perennial,3.896610223800596,9.418742429080519,11.054165262995193
Tar River,Summer,Perennial,22.48373340302708,5.030476110480021,12.088650234744549
Crooked Creek,Winter,Intermittent,5.082086228350853,9.343567134828849,7.884654513517784
Tar River,Winter,Perennial,8.287975838404327,8.984400563336902,10.156099577519461
Neuse River,Summer,Perennial,20.79683263717145,7.639488659417503,3.8510609349375153
Crooked Creek,Winter,Intermittent,3.0082436038891647,11.882104782240878,4.153836681350878
Neuse River,Summer,Perennial,21.479319018556478,5.2302311221191236,3.15931735258009
Neuse River,Winter,Perennial,7.874516179127879,12.521330161332166,2.0884468804309324
Tar River,Summer,Perennial,23.252152851015634,5.267246370310004,9.947492134963888
Jumping Run,Winter,Intermittent,6.981272442845429,9.972097234286306,11.705903901162568
Tar River,Winter,Perennial,7.46022671301947,10.567467738300982,12.9906171530205
Tar River,Spring,Perennial,11.454350775876986,9.345406190611673,8.0840188557723
Tar River,Spring,Perennial,19.399428280839018,7.593797761378167,9.256539265418574
Crooked Creek,Winter,Intermittent,5.534656182960003,9.953522057375572,6.5804479482818135
Neuse River,Winter,Perennial,8.735314662940294,10.006543773943323,4.869098858761005
Neuse River,Fall,Perennial,9.934529262208482,10.032954733228612,4.624354550391393
Neuse River,Summer,Perennial,24.152366642660642,5.877653097358895,3.347265103217872
Neuse River,Fall,Perennial,14.632234872114665,7.691951478441581,1.3857635023996373
Jumping Run,Spring,Intermittent,13.990076031919925,7.610403393141207,11.830749997672319
Neuse River,Spring,Perennial,16.183102848627993,8.533014079151139,5.517854967740118
Crooked Creek,Spring,Intermittent,14.642104666664327,8.494595748321098,5.825014185251594
Crooked Creek,Spring,Intermittent,14.930090922030365,8.166652828563514,6.487765194793596
Neuse River,Winter,Perennial,5.666551933826322,11.808929200471297,2.9343211752475726
Neuse River,Spring,Perennial,13.963301958191787,9.311783900207576,2.576917265618312
Crooked Creek,Winter,Intermittent,1.6763090764947384,11.366457166297971,5.614568264469751
Crooked Creek,Winter,Intermittent,8.021724480743678,10.869484920103007,5.093491392655032
Jumping Run,Spring,Intermittent,13.848365208363573,9.09306858661321,11.863054440788563
Crooked Creek,Spring,Intermittent,9.132195486903932,8.185767492086772,6.353643198602107
Jumping Run,Summer,Intermittent,21.96350006959896,5.389110108431411,12.791797811759666
Jumping Run,Fall,Intermittent,15.488067896269722,6.7968395391741385,9.803060783387833
Jumping Run,Spring,Intermittent,13.71053869742856,8.94850820371667,11.052279314587649
Tar River,Summer,Perennial,20.632812399670154,6.709533577307375,10.682995871673512
Jumping Run,Summer,Intermittent,21.76519828169008,5.972841566595924,11.861462661257725
Neuse River,Fall,Perennial,12.382900796652425,9.686946492647222,3.8903965473893907
Crooked Creek,Winter,Intermittent,3.865966827164248,10.963223694304553,4.477179895282178
Jumping Run,Spring,Intermittent,14.081973579551883,8.829473929231467,9.389556490996828
Crooked Creek,Fall,Intermittent,13.728546811608878,8.170962541646793,6.3025508398748205
Crooked Creek,Spring,Intermittent,15.720408484040968,5.870486925889958,4.328286259692982
Tar River,Summer,Perennial,21.262041109780156,6.315040489181615,10.750425005962514
Neuse River,Summer,Perennial,21.90823843603816,8.042984525351256,2.1813140817261587
Tar River,Winter,Perennial,8.27097003272554,10.650021872845583,11.8242121887481
Neuse River,Summer,Perennial,26.2578931114912,6.688678023685426,4.558743564685
Crooked Creek,Summer,Intermittent,25.198244670298752,7.1247986445931915,4.800908885757847
Neuse River,Fall,Perennial,13.589049484907711,7.282504265859241,3.1897699174386234
Neuse River,Spring,Perennial,14.628105935199718,7.397894647218742,4.410050118957887
Neuse River,Spring,Perennial,13.973230768693922,8.536416732395043,3.3637014669578336
Crooked Creek,Fall,Intermittent,11.119702171126573,10.478126826173261,5.256454885965083
Crooked Creek,Winter,Intermittent,7.320021186234237,12.435247026472537,6.2440049984962975
Neuse River,Spring,Perennial,12.287386861113701,7.821390025452655,5.526311374910129
Neuse River,Summer,Perennial,22.412495091475726,4.794858207795723,4.894965750300568
Jumping Run,Spring,Intermittent,15.539062938101997,7.644688113882066,11.915366563407119
Neuse River,Summer,Perennial,22.490037190920933,5.802570461357961,2.0596963846095044
Jumping Run,Winter,Intermittent,8.155907790211515,11.759210999919834,11.875829441562969
Neuse River,Fall,Perennial,16.089052007356187,9.945193727013594,5.029849009227344
Tar River,Spring,Perennial,9.573545303946338,9.196894951802415,11.124620771423077
Crooked Creek,Fall,Intermittent,13.624983360514276,9.319333189693387,7.160749115463419
Neuse River,Spring,Perennial,16.24435005760337,8.634241143059223,4.712928383979837
Neuse River,Summer,Perennial,22.463025478591142,2.648389483095322,3.568613470824718
Neuse River,Fall,Perennial,11.11682096529871,10.210739538939086,4.928555797429441
Neuse River,Spring,Perennial,13.083726025572531,7.642282817730756,3.4090279550463682
Tar River,Summer,Perennial,21.17634769136216,4.555442556475203,8.508080760083349
Neuse River,Fall,Perennial,13.058093544763487,10.075314139359355,3.193465453858206
Crooked Creek,Fall,Intermittent,13.60688950184809,9.734260917176725,4.509932691624215
Crooked Creek,Spring,Intermittent,13.960049142560194,7.3334795187264845,8.40917923774694
Neuse River,Spring,Perennial,17.124919013724227,7.00765716012515,4.578826574626489
Crooked Creek,Spring,Intermittent,16.13519860162498,8.84832950037633,6.122344552476548
Neuse River,Summer,Perennial,24.613114923528695,5.095485311010568,3.5453605834079616
Neuse River,Spring,Perennial,12.24471516048085,8.782493494700622,3.126044688550823
Crooked Creek,Fall,Intermittent,12.657501649125829,9.617670368265749,7.047374870666724
Neuse River,Fall,Perennial,11.185747307489498,10.056655283772793,4.683534503000877
Crooked Creek,Spring,Intermittent,11.836594320839197,6.672284104243387,5.976270434606898
Jumping Run,Spring,Intermittent,15.700187978633618,8.87571586240098,11.534250315837264
Neuse River,Winter,Perennial,6.097349676653652,11.511737669079006,2.7170042284161124
Jumping Run,Fall,Intermittent,16.373975726050784,10.673938418122521,11.643218471931046
Crooked Creek,Summer,Intermittent,22.394600839985703,5.5885790273406295,6.793123268699492
Tar River,Winter,Perennial,4.617365257966446,8.77638796900447,6.92883904926337
Tar River,Spring,Perennial,12.401003333673026,8.156378122918278,11.497957600930224
Crooked Creek,Spring,Intermittent,13.02648598298143,8.141835167142903,5.588657464418203
Jumping Run,Fall,Intermittent,11.001374484699726,8.946255491030875,12.219435668548474
Tar River,Spring,Perennial,12.091876504507356,7.046395386980302,9.396124109071764
Crooked Creek,Summer,Intermittent,18.126962530983768,5.5197976258529815,7.071129169428796
Jumping Run,Fall,Intermittent,13.347832167667525,8.830749115943693,11.193597197360253
Crooked Creek,Spring,Intermittent,13.022037025141683,6.052113362736527,7.175578172721849
Tar River,Fall,Perennial,15.142249147569302,8.271843223932214,10.773746569090166
Crooked Creek,Spring,Intermittent,13.52600165787968,8.351288809424542,8.534840184939434
Crooked Creek,Spring,Intermittent,16.31958249057861,7.623085774586104,6.813695792250355
Tar River,Spring,Perennial,16.508713737145424,8.408345164394778,10.992950893339742
Jumping Run,Summer,Intermittent,22.89200018933437,5.296728477436527,10.164078313843879
Jumping Run,Summer,Intermittent,19.871931529597806,6.307064516570243,10.802895640966643
Neuse River,Fall,Perennial,11.353763877303841,8.835820588379494,4.7049973911447545
Neuse River,Spring,Perennial,17.829424611995982,9.012067864703859,0.5737782137764897
Neuse River,Spring,Perennial,14.47861693364069,9.429324262712855,1.9931897631846511
Crooked Creek,Summer,Intermittent,23.10311854042485,5.763357814468954,7.725435796374241
Jumping Run,Spring,Intermittent,14.808514390026904,7.115984545440794,10.69872278256407
Crooked Creek,Summer,Intermittent,21.716608647904753,5.876821785189951,7.678894417162894
Neuse River,Spring,Perennial,12.31476015721954,9.003051309661183,3.54662548611772
Jumping Run,Fall,Intermittent,13.44702221265833,9.072377586281034,10.967291992877248
Crooked Creek,Spring,Intermittent,13.972794331109355,9.457358558271022,7.263674887359217
Tar River,Spring,Perennial,13.27456862084014,9.582787254122092,11.41202161098928
Crooked Creek,Winter,Intermittent,6.715248518647789,10.162680920668608,5.25375201239229
Jumping Run,Summer,Intermittent,20.62299298414565,6.086072864993675,11.958174619172313
Neuse River,Spring,Perennial,14.734464598844427,9.588044156069582,2.6683629921831473
Neuse River,Spring,Perennial,14.229738087077765,6.717060670701706,2.617193542595107
Tar River,Winter,Perennial,8.529156754676928,10.536835133528534,9.794954305909593
Crooked Creek,Winter,Intermittent,1.7400462488341057,10.186645352211082,5.692079588707531
Neuse River,Summer,Perennial,19.28519408042758,5.737216611017532,5.905946590987336
Neuse River,Winter,Perennial,4.585389319343335,10.056616950630064,2.3141477997023605
Neuse River,Fall,Perennial,10.7164718149684,9.535577446888428,4.073003105324576
Jumping Run,Winter,Intermittent,7.913713758551149,13.019837891654255,8.254413302136278
Tar River,Fall,Perennial,13.760157416883546,7.88138066556644,12.183348947050176
Crooked Creek,Summer,Intermittent,21.456175997853126,6.027322760864173,4.075233858105288
Crooked Creek,Summer,Intermittent,21.147145949773666,6.089662251108259,8.034117220210062
Crooked Creek,Summer,Intermittent,20.41087894518289,5.449308428469687,7.416434463273422
Jumping Run,Summer,Intermittent,20.28131943260138,7.142385143974126,10.986370137910615
Tar River,Summer,Perennial,22.606245923183685,6.367522302509371,10.075669169890087
Crooked Creek,Fall,Intermittent,13.779773638944791,8.2276302156857,5.24684549385168
Crooked Creek,Fall,Intermittent,14.11738193206655,9.293393955641903,5.887552573741428
Tar River,Summer,Perennial,19.48253670147398,4.99084171065037,11.415063565857476
Crooked Creek,Winter,Intermittent,7.464281126970232,9.890354495479244,4.740262128821748
Neuse River,Spring,Perennial,14.26837034835544,8.112787862629093,1.5640641868584382
Tar River,Summer,Perennial,22.32312602687998,5.401632189769781,13.461569944593437
Crooked Creek,Winter,Intermittent,6.4983970854713125,11.421473449875903,6.671038953285916
Tar River,Spring,Perennial,11.57214523869487,9.943876893108603,8.56563312882324
Neuse River,Summer,Perennial,23.591406283399486,6.618663937480649,3.28449643013056
Jumping Run,Summer,Intermittent,23.332900633426778,5.682426801176262,9.986807832716332
Jumping Run,Fall,Intermittent,13.939118338705855,7.993439008912098,10.663617261863646
Jumping Run,Spring,Intermittent,12.811646502540086,7.664020490427055,11.649092898695276
Tar River,Spring,Perennial,12.811267255307587,7.807676086927636,10.245282122147628
Neuse River,Winter,Perennial,8.887993331149092,11.34261239821389,4.330104449450079
Jumping Run,Fall,Intermittent,14.366837009246847,8.405865423225114,12.28888583749976
Jumping Run,Fall,Intermittent,13.692355491665483,7.439109097245934,8.857953750348853
Crooked Creek,Fall,Intermittent,11.855405894431868,7.67899350413483,5.642582308950625
Tar River,Fall,Perennial,10.972524017168272,8.902276946929081,13.117564063897184
Crooked Creek,Spring,Intermittent,13.90124619288763,7.697035545098071,6.582363971678016
Neuse River,Spring,Perennial,12.607160414154793,8.843414309396,4.742819429686168
Neuse River,Summer,Perennial,22.077731124097127,6.154315831633586,7.062618865844278
Neuse River,Summer,Perennial,23.884624420535737,8.199526631161334,4.7980452899386785
Neuse River,Fall,Perennial,10.056617114658623,8.73782629713616,1.4496926881779006
Crooked Creek,Fall,Intermittent,14.056606069333837,9.745404197345401,4.6711260060610815
Tar River,Fall,Perennial,11.688727240706294,9.148750896235216,9.202843905103673
Neuse River,Summer,Perennial,19.453680461514935,7.23863204804112,4.172065927245953
Tar River,Winter,Perennial,4.883781284588088,9.30788111144278,12.278527035341709
Crooked Creek,Winter,Intermittent,4.630963575566062,12.86068444587054,7.288965146540168
Crooked Creek,Summer,Intermittent,20.38371629118546,5.284528302868528,8.582776744416497
Crooked Creek,Summer,Intermittent,21.83148110633099,5.48668877167663,6.041582532714855
Neuse River,Summer,Perennial,20.96417469989242,6.241048477108165,3.8862645677226055
Jumping Run,Summer,Intermittent,23.75101596102302,5.611425896760873,9.67277544996553
Jumping Run,Summer,Intermittent,21.30203060675283,5.644916101775954,10.88369927720901
Tar River,Summer,Perennial,23.26908057611445,6.579908967471921,12.799488013787853
Crooked Creek,Fall,Intermittent,11.377020644532951,9.388720123051108,7.090979770531072
Neuse River,Fall,Perennial,11.651559187376272,8.792368947017621,1.3750331886718046
Crooked Creek,Fall,Intermittent,14.81371539025147,8.78450179768013,7.209846265021499
Crooked Creek,Fall,Intermittent,13.412099035759026,8.814834771025126,3.610795800971271
Jumping Run,Summer,Intermittent,19.17009477856712,3.4068538156582577,10.156079775757016
Crooked Creek,Winter,Intermittent,10.556497406362496,9.712052610482,2.0528521748701407
Jumping Run,Spring,Intermittent,15.925337839171064,10.363717869296702,11.446881597889703
Neuse River,Summer,Perennial,22.57746478943992,5.6901179263562485,1.3086141542349101
Tar River,Spring,Perennial,11.098576164513048,7.6832466706014815,10.237316989955385
Neuse River,Winter,Perennial,5.769654144460116,11.82932482392816,3.127243252124469
Jumping Run,Fall,Intermittent,14.699433512809222,8.42471029009723,12.557359389298636
Crooked Creek,Winter,Intermittent,6.172735134146847,10.564169659078487,6.1039410908233345
Crooked Creek,Summer,Intermittent,21.412922315684867,6.113134237679971,7.137159297776208
Neuse River,Fall,Perennial,12.8255688031687,8.630431147146219,2.3147256926337563
Neuse River,Summer,Perennial,23.158356038583428,6.348272226402725,2.2270857236087185
Neuse River,Fall,Perennial,14.670988555841522,7.801815967397665,5.54383268685084
Jumping Run,Spring,Intermittent,15.375726654374036,8.41966552259807,10.434507261249445
Jumping Run,Spring,Intermittent,15.151559565332906,9.07637199524118,11.88852788166226
Neuse River,Spring,Perennial,12.659499956547524,8.267406982355464,5.698052479442554
Crooked Creek,Winter,Intermittent,10.398196361113406,10.794787025500804,7.286824659197146
Tar River,Summer,Perennial,24.268961040168637,5.187595001010236,13.673117477092221
Tar River,Winter,Perennial,3.8696306318331084,11.808985515032976,11.457979669320599
Tar River,Spring,Perennial,14.11115111999632,10.546833281448643,10.548117147009798
Neuse River,Summer,Perennial,21.365308814542782,7.3314788073977954,5.1427056671301745
Neuse River,Spring,Perennial,16.564197841917107,8.116869382341113,4.475413925518245
Neuse River,Winter,Perennial,9.80187122598915,10.164045920419303,3.8456844338625094
Neuse River,Winter,Perennial,7.596508142850889,10.804139179912163,3.1447811810754467
Neuse River,Winter,Perennial,7.236969025573044,12.335805666491494,3.7887484557912146
Crooked Creek,Spring,Intermittent,13.662820758378501,7.352311974316569,5.556034734891399
Crooked Creek,Summer,Intermittent,24.167212159660373,6.081062870693657,4.792514008604568
Neuse River,Summer,Perennial,22.524724760647324,7.051194010986041,3.157171504678857
Tar River,Spring,Perennial,11.342789560808873,10.190825159872752,8.93220597493513
Neuse River,Summer,Perennial,21.281954872288427,6.23212851185867,3.591358448133563
Crooked Creek,Spring,Intermittent,13.850178310689962,8.576838167874593,2.4124175134308095
Crooked Creek,Summer,Intermittent,19.466211056952297,6.044259386070329,5.393674482039585
Tar River,Fall,Perennial,13.258822516551195,9.227653282631303,7.826120006793512
Crooked Creek,Fall,Intermittent,15.547280664303292,8.50173211689965,4.70173022283599
Neuse River,Winter,Perennial,6.416710591918559,11.107160227782243,5.795036226481956
Tar River,Fall,Perennial,13.543746325540035,10.1581108480243,9.592733936858442
Neuse River,Fall,Perennial,13.283722110414999,7.88525229267511,4.146513783340419
Neuse River,Fall,Perennial,12.771424088796229,8.842702574799096,3.777208671457551
Jumping Run,Spring,Intermittent,15.472778940369196,6.392640342997421,9.65031820582374
Neuse River,Fall,Perennial,12.91885634650965,7.82133691052875,4.0691711593015665
Crooked Creek,Fall,Intermittent,12.89829495751785,7.596243354947417,3.8202522806185835
Neuse River,Winter,Perennial,0.7524235289014687,9.779329950318086,4.0214848873159
Jumping Run,Fall,Intermittent,13.312375645881755,9.201899559628451,9.83312178099893
Tar River,Fall,Perennial,12.963393031957022,9.397244609241453,9.09794667574827
Jumping Run,Summer,Intermittent,22.24665814878108,6.656481211835091,10.26384180526568
Neuse River,Winter,Perennial,8.124468660699206,10.53256565617503,2.7099087173153875
Tar River,Winter,Perennial,7.113682357105841,13.033293769466457,11.128030428331714
Jumping Run,Winter,Intermittent,7.269815608227439,10.491282778902155,9.137575670305958
Neuse River,Winter,Perennial,6.332531291801467,11.324399971787912,3.4631333644282565
Crooked Creek,Winter,Intermittent,7.2621130360430115,10.34591999018568,4.646870601222387
Neuse River,Winter,Perennial,8.12128586097233,12.06534762654163,3.048485341246482
Tar River,Spring,Perennial,17.437700980809645,7.71289330746975,11.127174296965938
Tar River,Fall,Perennial,12.830694916303145,9.52376021744568,11.407132240701413
Neuse River,Winter,Perennial,6.515924323163316,9.980438368280113,1.4671565248154734
Crooked Creek,Fall,Intermittent,15.284320056505724,8.454554001060256,5.926449939849783
Tar River,Fall,Perennial,13.653597819779561,10.629009603349267,11.242036886963762
Tar River,Spring,Perennial,13.210404874151806,7.476455618713143,10.943964738137092
Tar River,Winter,Perennial,4.181270460718775,11.02887572314901,10.92197046731298
Neuse River,Summer,Perennial,25.283053897288305,5.916398861409079,1.1132677584267254
Tar River,Spring,Perennial,19.347021940792956,8.956833731156097,14.123523116143378
Crooked Creek,Summer,Intermittent,19.68536002603103,5.778173218743708,7.011601862241479
