<?xml version="1.0" encoding="UTF-8"?><MD_Metadata xmlns:gts="http://www.isotc211.org/2005/gts" xmlns:gco="http://www.isotc211.org/2005/gco" xmlns:xalan="http://xml.apache.org/xalan" xmlns:srv="http://www.isotc211.org/2005/srv" xmlns:gmx="http://www.isotc211.org/2005/gmx" xmlns:xlink="http://www.w3.org/1999/xlink" xmlns:xsi="http://www.w3.org/2001/XMLSchema-instance" xmlns:gml="http://www.opengis.net/gml" xmlns="http://www.isotc211.org/2005/gmd">
    <fileIdentifier>
        <gco:CharacterString>1675276404562r6370722135958928</gco:CharacterString>
    </fileIdentifier>
    <characterSet>
        <MD_CharacterSetCode codeList="http://www.isotc211.org/2005/resources/Codelist/gmxCodelists.xml#MD_CharacterSetCode" codeListValue="utf8" codeSpace="ISOTC211/19115">utf8</MD_CharacterSetCode>
    </characterSet>
    <hierarchyLevel>
        <MD_ScopeCode codeList="http://www.isotc211.org/2005/resources/Codelist/gmxCodelists.xml#MD_ScopeCode" codeListValue="dataset" codeSpace="ISOTC211/19115">dataset</MD_ScopeCode>
    </hierarchyLevel>
    <hierarchyLevelName>
        <gco:CharacterString>dataset</gco:CharacterString>
    </hierarchyLevelName>
    <contact>
        <CI_ResponsibleParty>
            <role>
                <CI_RoleCode codeList="http://www.isotc211.org/2005/resources/Codelist/gmxCodelists.xml#CI_RoleCode" codeListValue="pointOfContact" codeSpace="ISOTC211/19115">pointOfContact</CI_RoleCode>
            </role>
        </CI_ResponsibleParty>
    </contact>
    <dateStamp>
        <gco:Date>2023-02-01</gco:Date>
    </dateStamp>
    <metadataStandardName>
        <gco:CharacterString>ISO 19139 Geographic Information - Metadata - Implementation Specification</gco:CharacterString>
    </metadataStandardName>
    <metadataStandardVersion>
        <gco:CharacterString>2007</gco:CharacterString>
    </metadataStandardVersion>
    <identificationInfo>
        <MD_DataIdentification>
            <citation>
                <CI_Citation>
                    <title>
                        <gco:CharacterString>8 Digit HUC Subbasins and 10 Digit HUC Watersheds</gco:CharacterString>
                    </title>
                    <date>
                        <CI_Date>
                            <date>
                                <gco:Date>2023-02-01</gco:Date>
                            </date>
                            <dateType>
                                <CI_DateTypeCode codeList="http://www.isotc211.org/2005/resources/Codelist/gmxCodelists.xml#CI_DateTypeCode" codeListValue="creation" codeSpace="ISOTC211/19115">creation</CI_DateTypeCode>
                            </dateType>
                        </CI_Date>
                    </date>
                    <date>
                        <CI_Date>
                            <date>
                                <gco:Date>2023-02-01</gco:Date>
                            </date>
                            <dateType>
                                <CI_DateTypeCode codeList="http://www.isotc211.org/2005/resources/Codelist/gmxCodelists.xml#CI_DateTypeCode" codeListValue="publication" codeSpace="ISOTC211/19115">publication</CI_DateTypeCode>
                            </dateType>
                        </CI_Date>
                    </date>
                </CI_Citation>
            </citation>
            <abstract>
                <gco:CharacterString>The latest 8 and 10 digit HUC boundaries, along with the calculated US Census population within each subbasin and watershed for 2020, 2010, and 2000.&#13;
&#13;
HUC boundaries are from the USGS National Hydrography Watershed Boundary Dataset.  US Census 2020, 2010, and 2000 Block Data was acquired through NC OneMap.&#13;
&#13;
Subbasin and watershed population estimates were derived from the 2020, 2010, and 2000 Block population data from the US Census. The ArcGIS Tool "Summarize Within" was used to calculate the total population within each subbasin and watershed for each census period.  As census blocks and HUC boundaries do not always coincide, the calculated population is only an estimate and is not to be used as an exact figure.</gco:CharacterString>
            </abstract>
            <purpose>
                <gco:CharacterString>8 digit and 10 digit HUC layer containing estimated population and population change for each subbasin and watershed</gco:CharacterString>
            </purpose>
            <credit>
                <gco:CharacterString>NCDEQ - Division of Water Resources</gco:CharacterString>
            </credit>
            <pointOfContact>
                <CI_ResponsibleParty>
                    <individualName>
                        <gco:CharacterString>Kerry Hanko</gco:CharacterString>
                    </individualName>
                    <organisationName>
                        <gco:CharacterString>NCDEQ - Division of Water Resources</gco:CharacterString>
                    </organisationName>
                    <role>
                        <CI_RoleCode codeList="http://www.isotc211.org/2005/resources/Codelist/gmxCodelists.xml#CI_RoleCode" codeListValue="pointOfContact" codeSpace="ISOTC211/19115">pointOfContact</CI_RoleCode>
                    </role>
                </CI_ResponsibleParty>
            </pointOfContact>
            <descriptiveKeywords>
                <MD_Keywords>
                    <keyword>
                        <gco:CharacterString>HUC</gco:CharacterString>
                    </keyword>
                    <keyword>
                        <gco:CharacterString>Population</gco:CharacterString>
                    </keyword>
                    <keyword>
                        <gco:CharacterString>DWR</gco:CharacterString>
                    </keyword>
                    <keyword>
                        <gco:CharacterString>HUC10</gco:CharacterString>
                    </keyword>
                    <keyword>
                        <gco:CharacterString>HUC8</gco:CharacterString>
                    </keyword>
                    <keyword>
                        <gco:CharacterString>Water</gco:CharacterString>
                    </keyword>
                    <keyword>
                        <gco:CharacterString>Boundaries</gco:CharacterString>
                    </keyword>
                    <keyword>
                        <gco:CharacterString>Watersheds</gco:CharacterString>
                    </keyword>
                    <keyword>
                        <gco:CharacterString>Subbasins</gco:CharacterString>
                    </keyword>
                    <keyword>
                        <gco:CharacterString>Pop</gco:CharacterString>
                    </keyword>
                    <keyword>
                        <gco:CharacterString>DEQ</gco:CharacterString>
                    </keyword>
                    <keyword>
                        <gco:CharacterString>NCDWR</gco:CharacterString>
                    </keyword>
                </MD_Keywords>
            </descriptiveKeywords>
            <resourceConstraints>
                <MD_Constraints>
                    <useLimitation>
                        <gco:CharacterString>The North Carolina Department of Environmental Quality shall not be held liable for any errors in this metadata. This includes errors of omission, commission, errors concerning the content of the data, and relative and positional accuracy of the data. These data cannot be construed to be a legal document. Primary sources from which these data were compiled must be consulted for verification of information contained in these data.</gco:CharacterString>
                    </useLimitation>
                </MD_Constraints>
            </resourceConstraints>
            <resourceConstraints>
                <MD_LegalConstraints>
                    <accessConstraints>
                        <MD_RestrictionCode codeList="http://www.isotc211.org/2005/resources/Codelist/gmxCodelists.xml#MD_RestrictionCode" codeListValue="otherRestrictions" codeSpace="ISOTC211/19115">otherRestrictions</MD_RestrictionCode>
                    </accessConstraints>
                    <otherConstraints>
                        <gco:CharacterString>Other Constraints</gco:CharacterString>
                    </otherConstraints>
                </MD_LegalConstraints>
            </resourceConstraints>
            <resourceConstraints>
                <MD_LegalConstraints>
                    <useConstraints>
                        <MD_RestrictionCode codeList="http://www.isotc211.org/2005/resources/Codelist/gmxCodelists.xml#MD_RestrictionCode" codeListValue="otherRestrictions" codeSpace="ISOTC211/19115">otherRestrictions</MD_RestrictionCode>
                    </useConstraints>
                    <otherConstraints>
                        <gco:CharacterString>Other Constraints</gco:CharacterString>
                    </otherConstraints>
                </MD_LegalConstraints>
            </resourceConstraints>
            <resourceConstraints>
                <MD_LegalConstraints>
                    <accessConstraints>
                        <MD_RestrictionCode codeList="http://www.isotc211.org/2005/resources/Codelist/gmxCodelists.xml#MD_RestrictionCode" codeListValue="otherRestrictions" codeSpace="ISOTC211/19115">otherRestrictions</MD_RestrictionCode>
                    </accessConstraints>
                    <otherConstraints>
                        <gco:CharacterString>Other Constraints</gco:CharacterString>
                    </otherConstraints>
                </MD_LegalConstraints>
            </resourceConstraints>
            <resourceConstraints>
                <MD_LegalConstraints>
                    <useConstraints>
                        <MD_RestrictionCode codeList="http://www.isotc211.org/2005/resources/Codelist/gmxCodelists.xml#MD_RestrictionCode" codeListValue="otherRestrictions" codeSpace="ISOTC211/19115">otherRestrictions</MD_RestrictionCode>
                    </useConstraints>
                    <otherConstraints>
                        <gco:CharacterString>Other Constraints</gco:CharacterString>
                    </otherConstraints>
                </MD_LegalConstraints>
            </resourceConstraints>
            <resourceConstraints>
                <MD_LegalConstraints>
                    <accessConstraints>
                        <MD_RestrictionCode codeList="http://www.isotc211.org/2005/resources/Codelist/gmxCodelists.xml#MD_RestrictionCode" codeListValue="otherRestrictions" codeSpace="ISOTC211/19115">otherRestrictions</MD_RestrictionCode>
                    </accessConstraints>
                    <otherConstraints>
                        <gco:CharacterString>Other Constraints</gco:CharacterString>
                    </otherConstraints>
                </MD_LegalConstraints>
            </resourceConstraints>
            <resourceConstraints>
                <MD_LegalConstraints>
                    <useConstraints>
                        <MD_RestrictionCode codeList="http://www.isotc211.org/2005/resources/Codelist/gmxCodelists.xml#MD_RestrictionCode" codeListValue="otherRestrictions" codeSpace="ISOTC211/19115">otherRestrictions</MD_RestrictionCode>
                    </useConstraints>
                    <otherConstraints>
                        <gco:CharacterString>Other Constraints</gco:CharacterString>
                    </otherConstraints>
                </MD_LegalConstraints>
            </resourceConstraints>
            <language gco:nilReason="missing"/>
            <characterSet>
                <MD_CharacterSetCode codeList="http://www.isotc211.org/2005/resources/Codelist/gmxCodelists.xml#MD_CharacterSetCode" codeListValue="utf8" codeSpace="ISOTC211/19115">utf8</MD_CharacterSetCode>
            </characterSet>
            <topicCategory>
                <MD_TopicCategoryCode>environment</MD_TopicCategoryCode>
            </topicCategory>
            <extent>
                <EX_Extent>
                    <geographicElement>
                        <EX_GeographicBoundingBox>
                            <extentTypeCode>
                                <gco:Boolean>true</gco:Boolean>
                            </extentTypeCode>
                            <westBoundLongitude>
                                <gco:Decimal>-84.9863</gco:Decimal>
                            </westBoundLongitude>
                            <eastBoundLongitude>
                                <gco:Decimal>-74.9558</gco:Decimal>
                            </eastBoundLongitude>
                            <southBoundLatitude>
                                <gco:Decimal>33.5773</gco:Decimal>
                            </southBoundLatitude>
                            <northBoundLatitude>
                                <gco:Decimal>37.2471</gco:Decimal>
                            </northBoundLatitude>
                        </EX_GeographicBoundingBox>
                    </geographicElement>
                    <temporalElement>
                        <EX_TemporalExtent>
                            <extent>
                                <gml:TimeInstant gml:id="N65703">
                                    <gml:timePosition>2023-02-01T13:35:25.971-05:00</gml:timePosition>
                                </gml:TimeInstant>
                            </extent>
                        </EX_TemporalExtent>
                    </temporalElement>
                </EX_Extent>
            </extent>
        </MD_DataIdentification>
    </identificationInfo>
    <dataQualityInfo>
        <DQ_DataQuality>
            <scope>
                <DQ_Scope>
                    <level>
                        <MD_ScopeCode codeList="http://www.isotc211.org/2005/resources/Codelist/gmxCodelists.xml#MD_ScopeCode" codeListValue="service" codeSpace="ISOTC211/19115">service</MD_ScopeCode>
                    </level>
                    <levelDescription>
                        <MD_ScopeDescription>
                            <attributes uuidref="ArcGIS Online"/>
                        </MD_ScopeDescription>
                    </levelDescription>
                </DQ_Scope>
            </scope>
        </DQ_DataQuality>
    </dataQualityInfo>
</MD_Metadata>
